first_id,second_id
1,2.0
1,3.0
1,4.0
2,326.0
2,330.0
2,386.0
2,336.0
2,387.0
2,150.0
2,95.0
2,388.0
2,8.0
3,326.0
3,335.0
3,395.0
3,387.0
3,150.0
3,388.0
4,46.0
5,6.0
5,7.0
5,8.0
5,9.0
5,10.0
6,123.0
6,213.0
6,182.0
6,129.0
6,130.0
6,16.0
6,18.0
6,97.0
6,22.0
6,24.0
6,285.0
6,134.0
6,256.0
6,410.0
6,391.0
6,331.0
6,184.0
6,136.0
6,87.0
6,187.0
6,407.0
6,40.0
6,84.0
6,143.0
6,145.0
6,146.0
6,194.0
6,43.0
6,106.0
6,196.0
6,197.0
6,47.0
6,149.0
6,90.0
6,340.0
6,275.0
6,341.0
6,202.0
6,223.0
6,203.0
6,204.0
6,534.0
6,154.0
6,225.0
6,159.0
6,278.0
6,206.0
6,161.0
6,207.0
6,563.0
6,209.0
6,163.0
6,390.0
6,165.0
6,64.0
6,168.0
6,170.0
6,312.0
6,171.0
6,314.0
6,172.0
6,173.0
6,174.0
6,210.0
6,363.0
6,175.0
6,177.0
6,179.0
6,259.0
6,211.0
6,283.0
6,268.0
7,182.0
7,219.0
7,194.0
7,46.0
7,207.0
7,208.0
7,563.0
7,459.0
7,233.0
8,284.0
8,182.0
8,31.0
8,32.0
8,494.0
8,219.0
8,186.0
8,192.0
8,84.0
8,194.0
8,195.0
8,46.0
8,48.0
8,111.0
8,207.0
8,208.0
8,563.0
8,166.0
8,459.0
8,233.0
9,182.0
9,219.0
9,41.0
9,46.0
9,51.0
9,95.0
9,61.0
9,207.0
9,208.0
9,169.0
9,67.0
9,70.0
10,124.0
10,182.0
10,132.0
10,219.0
10,84.0
10,194.0
10,106.0
10,95.0
10,85.0
10,207.0
10,208.0
10,563.0
10,299.0
10,174.0
10,233.0
11,12.0
11,13.0
11,14.0
11,15.0
11,16.0
11,17.0
11,18.0
11,19.0
11,20.0
11,21.0
11,22.0
11,23.0
11,24.0
11,25.0
11,26.0
11,27.0
11,28.0
11,29.0
11,30.0
11,31.0
11,32.0
11,33.0
11,34.0
11,35.0
11,36.0
11,37.0
11,38.0
11,39.0
11,40.0
11,41.0
11,42.0
11,43.0
11,44.0
11,45.0
11,46.0
11,47.0
11,48.0
11,49.0
11,50.0
11,51.0
11,52.0
11,53.0
11,54.0
11,55.0
11,56.0
11,57.0
11,58.0
11,59.0
11,60.0
11,61.0
11,62.0
11,63.0
11,64.0
11,65.0
11,66.0
11,67.0
11,68.0
11,69.0
11,70.0
11,71.0
11,72.0
11,73.0
11,74.0
12,86.0
12,87.0
12,88.0
12,89.0
12,45.0
12,90.0
12,51.0
12,91.0
12,92.0
12,54.0
12,93.0
12,67.0
12,70.0
13,14.0
13,19.0
13,86.0
13,87.0
13,88.0
13,77.0
13,89.0
13,45.0
13,90.0
13,51.0
13,91.0
13,92.0
13,54.0
13,93.0
13,67.0
13,70.0
14,123.0
14,124.0
14,125.0
14,121.0
14,126.0
14,15.0
14,127.0
14,128.0
14,129.0
14,130.0
14,131.0
14,16.0
14,132.0
14,101.0
14,19.0
14,133.0
14,21.0
14,22.0
14,23.0
14,24.0
14,134.0
14,26.0
14,135.0
14,27.0
14,28.0
14,136.0
14,33.0
14,87.0
14,34.0
14,88.0
14,137.0
14,138.0
14,139.0
14,140.0
14,38.0
14,39.0
14,141.0
14,40.0
14,84.0
14,41.0
14,142.0
14,143.0
14,144.0
14,145.0
14,146.0
14,43.0
14,106.0
14,44.0
14,147.0
14,45.0
14,47.0
14,148.0
14,149.0
14,90.0
14,150.0
14,151.0
14,51.0
14,152.0
14,52.0
14,95.0
14,153.0
14,154.0
14,155.0
14,53.0
14,156.0
14,157.0
14,56.0
14,57.0
14,85.0
14,59.0
14,158.0
14,159.0
14,61.0
14,160.0
14,93.0
14,161.0
14,162.0
14,163.0
14,62.0
14,164.0
14,165.0
14,166.0
14,63.0
14,167.0
14,64.0
14,168.0
14,169.0
14,170.0
14,171.0
14,172.0
14,173.0
14,174.0
14,175.0
14,176.0
14,66.0
14,67.0
14,177.0
14,178.0
14,179.0
14,68.0
14,70.0
14,71.0
14,180.0
15,124.0
15,126.0
15,127.0
15,99.0
15,19.0
15,21.0
15,22.0
15,87.0
15,140.0
15,84.0
15,43.0
15,47.0
15,90.0
15,85.0
15,159.0
15,163.0
15,167.0
15,168.0
15,174.0
16,123.0
16,121.0
16,326.0
16,327.0
16,18.0
16,100.0
16,216.0
16,24.0
16,285.0
16,328.0
16,329.0
16,27.0
16,272.0
16,330.0
16,28.0
16,30.0
16,331.0
16,184.0
16,186.0
16,332.0
16,87.0
16,187.0
16,138.0
16,333.0
16,235.0
16,334.0
16,335.0
16,84.0
16,336.0
16,144.0
16,262.0
16,263.0
16,42.0
16,43.0
16,106.0
16,147.0
16,46.0
16,196.0
16,79.0
16,264.0
16,197.0
16,337.0
16,149.0
16,338.0
16,339.0
16,151.0
16,340.0
16,341.0
16,202.0
16,265.0
16,203.0
16,204.0
16,154.0
16,342.0
16,157.0
16,343.0
16,224.0
16,85.0
16,252.0
16,344.0
16,345.0
16,225.0
16,346.0
16,243.0
16,347.0
16,163.0
16,348.0
16,165.0
16,349.0
16,168.0
16,174.0
16,65.0
16,229.0
16,350.0
16,176.0
16,267.0
16,177.0
16,280.0
16,351.0
16,352.0
16,353.0
16,212.0
16,74.0
16,283.0
17,183.0
17,235.0
17,72.0
18,124.0
18,121.0
18,292.0
18,133.0
18,318.0
18,30.0
18,31.0
18,357.0
18,358.0
18,220.0
18,138.0
18,140.0
18,319.0
18,37.0
18,369.0
18,235.0
18,192.0
18,40.0
18,270.0
18,84.0
18,236.0
18,106.0
18,49.0
18,338.0
18,50.0
18,152.0
18,370.0
18,341.0
18,52.0
18,157.0
18,321.0
18,85.0
18,160.0
18,371.0
18,170.0
18,312.0
18,323.0
18,174.0
18,350.0
18,68.0
18,351.0
18,69.0
18,211.0
19,126.0
19,127.0
19,128.0
19,131.0
19,21.0
19,22.0
19,23.0
19,26.0
19,249.0
19,28.0
19,376.0
19,136.0
19,33.0
19,87.0
19,34.0
19,88.0
19,221.0
19,140.0
19,38.0
19,39.0
19,84.0
19,41.0
19,144.0
19,145.0
19,43.0
19,107.0
19,44.0
19,47.0
19,148.0
19,149.0
19,90.0
19,51.0
19,52.0
19,95.0
19,153.0
19,154.0
19,53.0
19,55.0
19,157.0
19,56.0
19,57.0
19,85.0
19,59.0
19,158.0
19,159.0
19,61.0
19,93.0
19,161.0
19,163.0
19,62.0
19,164.0
19,63.0
19,167.0
19,64.0
19,168.0
19,169.0
19,312.0
19,171.0
19,172.0
19,174.0
19,175.0
19,377.0
19,66.0
19,67.0
19,177.0
19,178.0
19,179.0
19,69.0
19,253.0
19,70.0
19,378.0
21,126.0
21,99.0
21,131.0
21,22.0
21,23.0
21,26.0
21,28.0
21,136.0
21,33.0
21,87.0
21,34.0
21,221.0
21,38.0
21,39.0
21,41.0
21,43.0
21,44.0
21,47.0
21,90.0
21,51.0
21,53.0
21,56.0
21,57.0
21,59.0
21,61.0
21,93.0
21,163.0
21,62.0
21,63.0
21,167.0
21,64.0
21,169.0
21,171.0
21,172.0
21,66.0
21,67.0
21,69.0
21,70.0
21,378.0
21,392.0
22,98.0
22,181.0
22,123.0
22,124.0
22,127.0
22,128.0
22,269.0
22,317.0
22,318.0
22,87.0
22,220.0
22,140.0
22,319.0
22,270.0
22,84.0
22,291.0
22,320.0
22,146.0
22,43.0
22,44.0
22,148.0
22,149.0
22,241.0
22,242.0
22,53.0
22,56.0
22,57.0
22,321.0
22,85.0
22,59.0
22,159.0
22,161.0
22,62.0
22,271.0
22,167.0
22,168.0
22,322.0
22,323.0
22,174.0
22,175.0
22,177.0
22,179.0
22,324.0
23,123.0
23,183.0
23,249.0
23,31.0
23,250.0
23,87.0
23,34.0
23,138.0
23,140.0
23,190.0
23,40.0
23,105.0
23,84.0
23,143.0
23,43.0
23,107.0
23,305.0
23,45.0
23,51.0
23,251.0
23,308.0
23,52.0
23,203.0
23,110.0
23,154.0
23,54.0
23,252.0
23,373.0
23,159.0
23,115.0
23,161.0
23,62.0
23,67.0
23,119.0
23,253.0
23,70.0
23,72.0
24,127.0
24,129.0
24,183.0
24,133.0
24,357.0
24,358.0
24,407.0
24,138.0
24,140.0
24,37.0
24,190.0
24,40.0
24,84.0
24,143.0
24,146.0
24,195.0
24,148.0
24,199.0
24,50.0
24,152.0
24,203.0
24,85.0
24,170.0
24,173.0
24,179.0
24,68.0
24,72.0
24,180.0
25,31.0
25,140.0
25,305.0
25,308.0
25,373.0
25,254.0
26,183.0
26,31.0
26,250.0
26,87.0
26,138.0
26,190.0
26,105.0
26,84.0
26,143.0
26,43.0
26,107.0
26,305.0
26,51.0
26,308.0
26,52.0
26,203.0
26,110.0
26,154.0
26,161.0
26,67.0
26,70.0
26,72.0
27,96.0
27,124.0
27,234.0
27,126.0
27,292.0
27,256.0
27,31.0
27,184.0
27,87.0
27,187.0
27,138.0
27,139.0
27,140.0
27,37.0
27,235.0
27,334.0
27,40.0
27,143.0
27,305.0
27,195.0
27,196.0
27,197.0
27,199.0
27,49.0
27,414.0
27,50.0
27,202.0
27,415.0
27,308.0
27,204.0
27,373.0
27,160.0
27,206.0
27,163.0
27,210.0
27,409.0
27,68.0
27,211.0
27,416.0
27,254.0
28,37.0
28,105.0
28,84.0
28,43.0
28,305.0
28,50.0
28,51.0
28,308.0
28,52.0
28,85.0
28,373.0
28,67.0
28,68.0
28,70.0
29,75.0
29,81.0
29,98.0
29,181.0
29,248.0
29,121.0
29,126.0
29,364.0
29,269.0
29,372.0
29,244.0
29,102.0
29,317.0
29,134.0
29,412.0
29,318.0
29,410.0
29,76.0
29,391.0
29,331.0
29,82.0
29,103.0
29,420.0
29,421.0
29,87.0
29,188.0
29,430.0
29,220.0
29,431.0
29,36.0
29,77.0
29,319.0
29,245.0
29,432.0
29,104.0
29,422.0
29,105.0
29,423.0
29,433.0
29,78.0
29,291.0
29,424.0
29,320.0
29,145.0
29,434.0
29,106.0
29,400.0
29,46.0
29,435.0
29,436.0
29,337.0
29,48.0
29,198.0
29,437.0
29,425.0
29,90.0
29,241.0
29,438.0
29,426.0
29,122.0
29,439.0
29,427.0
29,440.0
29,441.0
29,246.0
29,428.0
29,367.0
29,401.0
29,442.0
29,443.0
29,242.0
29,402.0
29,403.0
29,444.0
29,321.0
29,445.0
29,404.0
29,446.0
29,429.0
29,247.0
29,60.0
29,447.0
29,225.0
29,448.0
29,114.0
29,163.0
29,449.0
29,390.0
29,271.0
29,118.0
29,322.0
29,323.0
29,450.0
29,451.0
29,452.0
29,366.0
29,453.0
29,454.0
29,324.0
29,455.0
29,456.0
30,31.0
30,37.0
30,42.0
30,48.0
30,50.0
30,52.0
30,58.0
30,312.0
30,65.0
30,68.0
30,72.0
31,94.0
31,237.0
31,183.0
31,101.0
31,374.0
31,460.0
31,410.0
31,301.0
31,461.0
31,86.0
31,462.0
31,303.0
31,463.0
31,33.0
31,87.0
31,88.0
31,137.0
31,138.0
31,139.0
31,235.0
31,38.0
31,39.0
31,464.0
31,465.0
31,423.0
31,262.0
31,89.0
31,263.0
31,45.0
31,264.0
31,49.0
31,287.0
31,51.0
31,466.0
31,467.0
31,468.0
31,469.0
31,91.0
31,470.0
31,92.0
31,265.0
31,471.0
31,156.0
31,54.0
31,472.0
31,224.0
31,473.0
31,474.0
31,475.0
31,58.0
31,476.0
31,477.0
31,159.0
31,205.0
31,160.0
31,478.0
31,93.0
31,162.0
31,479.0
31,480.0
31,209.0
31,164.0
31,348.0
31,390.0
31,63.0
31,481.0
31,64.0
31,417.0
31,482.0
31,65.0
31,229.0
31,176.0
31,483.0
31,66.0
31,67.0
31,484.0
31,282.0
31,485.0
31,72.0
32,123.0
32,121.0
32,303.0
32,149.0
32,414.0
32,157.0
33,123.0
33,121.0
33,183.0
33,249.0
33,250.0
33,87.0
33,34.0
33,138.0
33,140.0
33,190.0
33,40.0
33,105.0
33,84.0
33,143.0
33,43.0
33,107.0
33,305.0
33,195.0
33,45.0
33,199.0
33,51.0
33,251.0
33,308.0
33,52.0
33,203.0
33,110.0
33,154.0
33,54.0
33,252.0
33,373.0
33,159.0
33,115.0
33,161.0
33,62.0
33,67.0
33,119.0
33,253.0
33,70.0
33,72.0
34,235.0
34,38.0
34,43.0
34,195.0
34,45.0
34,199.0
34,49.0
34,51.0
34,52.0
34,64.0
34,312.0
34,314.0
34,67.0
34,70.0
35,126.0
35,87.0
35,138.0
35,90.0
35,163.0
35,180.0
36,126.0
36,318.0
36,457.0
36,421.0
36,87.0
36,77.0
36,335.0
36,522.0
36,46.0
36,90.0
36,404.0
36,163.0
36,69.0
37,123.0
37,121.0
37,326.0
37,100.0
37,216.0
37,285.0
37,328.0
37,330.0
37,184.0
37,332.0
37,87.0
37,187.0
37,138.0
37,235.0
37,334.0
37,335.0
37,336.0
37,144.0
37,262.0
37,263.0
37,147.0
37,196.0
37,264.0
37,197.0
37,337.0
37,151.0
37,340.0
37,341.0
37,202.0
37,265.0
37,204.0
37,342.0
37,157.0
37,344.0
37,225.0
37,347.0
37,348.0
37,165.0
37,168.0
37,65.0
37,229.0
37,176.0
38,123.0
38,183.0
38,249.0
38,250.0
38,87.0
38,138.0
38,140.0
38,190.0
38,40.0
38,105.0
38,84.0
38,143.0
38,43.0
38,107.0
38,305.0
38,51.0
38,251.0
38,308.0
38,52.0
38,203.0
38,110.0
38,154.0
38,252.0
38,373.0
38,159.0
38,115.0
38,161.0
38,62.0
38,67.0
38,119.0
38,253.0
38,70.0
38,72.0
39,183.0
39,249.0
39,250.0
39,87.0
39,138.0
39,140.0
39,190.0
39,105.0
39,84.0
39,143.0
39,43.0
39,107.0
39,305.0
39,51.0
39,251.0
39,308.0
39,52.0
39,203.0
39,110.0
39,252.0
39,373.0
39,115.0
39,161.0
39,62.0
39,67.0
39,119.0
39,253.0
39,70.0
39,72.0
40,123.0
40,124.0
40,121.0
40,128.0
40,182.0
40,183.0
40,326.0
40,327.0
40,97.0
40,216.0
40,134.0
40,330.0
40,184.0
40,496.0
40,87.0
40,138.0
40,139.0
40,140.0
40,334.0
40,84.0
40,144.0
40,194.0
40,42.0
40,43.0
40,106.0
40,147.0
40,46.0
40,196.0
40,149.0
40,338.0
40,287.0
40,203.0
40,155.0
40,342.0
40,157.0
40,85.0
40,225.0
40,159.0
40,346.0
40,478.0
40,207.0
40,163.0
40,63.0
40,167.0
40,64.0
40,526.0
40,168.0
40,174.0
40,65.0
40,350.0
40,483.0
40,280.0
40,351.0
40,289.0
40,73.0
40,353.0
40,212.0
40,74.0
40,283.0
40,268.0
41,126.0
41,397.0
41,249.0
41,250.0
41,87.0
41,430.0
41,43.0
41,107.0
41,90.0
41,251.0
41,110.0
41,506.0
41,252.0
41,115.0
41,163.0
41,167.0
41,119.0
41,253.0
41,254.0
42,124.0
42,121.0
42,292.0
42,318.0
42,138.0
42,235.0
42,270.0
42,236.0
42,152.0
42,370.0
42,341.0
42,52.0
42,157.0
42,321.0
42,160.0
42,170.0
42,312.0
42,323.0
42,174.0
42,68.0
42,69.0
42,211.0
43,123.0
43,124.0
43,126.0
43,127.0
43,128.0
43,129.0
43,131.0
43,132.0
43,101.0
43,133.0
43,134.0
43,135.0
43,136.0
43,87.0
43,221.0
43,138.0
43,139.0
43,140.0
43,141.0
43,84.0
43,143.0
43,144.0
43,145.0
43,146.0
43,106.0
43,44.0
43,147.0
43,305.0
43,195.0
43,47.0
43,148.0
43,149.0
43,199.0
43,90.0
43,150.0
43,151.0
43,51.0
43,152.0
43,308.0
43,95.0
43,154.0
43,155.0
43,53.0
43,157.0
43,56.0
43,57.0
43,85.0
43,373.0
43,59.0
43,159.0
43,61.0
43,160.0
43,93.0
43,161.0
43,163.0
43,62.0
43,164.0
43,165.0
43,63.0
43,167.0
43,64.0
43,168.0
43,169.0
43,170.0
43,171.0
43,172.0
43,173.0
43,174.0
43,175.0
43,176.0
43,66.0
43,67.0
43,177.0
43,178.0
43,179.0
43,68.0
43,69.0
43,70.0
43,268.0
44,126.0
44,99.0
44,87.0
44,47.0
44,90.0
44,51.0
44,167.0
44,67.0
44,69.0
45,124.0
45,214.0
45,121.0
45,130.0
45,183.0
45,100.0
45,379.0
45,134.0
45,87.0
45,88.0
45,220.0
45,139.0
45,190.0
45,270.0
45,84.0
45,142.0
45,305.0
45,195.0
45,199.0
45,90.0
45,308.0
45,52.0
45,203.0
45,154.0
45,55.0
45,321.0
45,85.0
45,373.0
45,298.0
45,310.0
45,162.0
45,209.0
45,165.0
45,63.0
45,526.0
45,227.0
45,312.0
45,314.0
45,172.0
45,315.0
45,71.0
45,72.0
45,254.0
45,74.0
46,123.0
46,124.0
46,255.0
46,121.0
46,126.0
46,215.0
46,127.0
46,128.0
46,182.0
46,129.0
46,326.0
46,365.0
46,133.0
46,393.0
46,216.0
46,102.0
46,135.0
46,300.0
46,329.0
46,272.0
46,330.0
46,457.0
46,389.0
46,357.0
46,497.0
46,503.0
46,420.0
46,421.0
46,87.0
46,358.0
46,188.0
46,359.0
46,138.0
46,189.0
46,235.0
46,486.0
46,104.0
46,141.0
46,386.0
46,422.0
46,423.0
46,336.0
46,424.0
46,143.0
46,387.0
46,144.0
46,262.0
46,541.0
46,145.0
46,542.0
46,263.0
46,495.0
46,147.0
46,195.0
46,264.0
46,148.0
46,149.0
46,425.0
46,90.0
46,426.0
46,122.0
46,150.0
46,487.0
46,548.0
46,439.0
46,427.0
46,152.0
46,370.0
46,428.0
46,341.0
46,265.0
46,401.0
46,549.0
46,154.0
46,155.0
46,157.0
46,85.0
46,429.0
46,498.0
46,60.0
46,388.0
46,159.0
46,114.0
46,160.0
46,161.0
46,208.0
46,295.0
46,347.0
46,164.0
46,165.0
46,490.0
46,417.0
46,168.0
46,170.0
46,312.0
46,550.0
46,174.0
46,510.0
46,176.0
46,179.0
46,68.0
46,513.0
46,514.0
46,289.0
47,98.0
47,181.0
47,123.0
47,124.0
47,127.0
47,128.0
47,269.0
47,317.0
47,318.0
47,87.0
47,220.0
47,140.0
47,319.0
47,270.0
47,84.0
47,291.0
47,320.0
47,146.0
47,148.0
47,149.0
47,241.0
47,242.0
47,53.0
47,56.0
47,57.0
47,321.0
47,85.0
47,59.0
47,159.0
47,161.0
47,62.0
47,271.0
47,167.0
47,168.0
47,322.0
47,323.0
47,174.0
47,175.0
47,177.0
47,179.0
47,324.0
48,81.0
48,121.0
48,215.0
48,101.0
48,410.0
48,87.0
48,431.0
48,138.0
48,77.0
48,235.0
48,432.0
48,423.0
48,305.0
48,435.0
48,49.0
48,440.0
48,469.0
48,308.0
48,443.0
48,552.0
48,373.0
48,159.0
48,160.0
48,480.0
48,164.0
48,390.0
48,165.0
48,417.0
48,312.0
48,454.0
49,181.0
49,234.0
49,521.0
49,91.0
49,555.0
49,156.0
49,556.0
49,58.0
49,63.0
49,65.0
49,66.0
49,72.0
50,123.0
50,121.0
50,326.0
50,100.0
50,216.0
50,285.0
50,328.0
50,330.0
50,184.0
50,332.0
50,87.0
50,187.0
50,138.0
50,235.0
50,334.0
50,335.0
50,336.0
50,144.0
50,262.0
50,263.0
50,147.0
50,196.0
50,264.0
50,197.0
50,337.0
50,151.0
50,340.0
50,341.0
50,202.0
50,265.0
50,204.0
50,342.0
50,157.0
50,344.0
50,225.0
50,347.0
50,348.0
50,165.0
50,168.0
50,65.0
50,229.0
50,176.0
51,261.0
51,126.0
51,379.0
51,397.0
51,249.0
51,250.0
51,496.0
51,136.0
51,87.0
51,430.0
51,221.0
51,418.0
51,107.0
51,305.0
51,90.0
51,251.0
51,308.0
51,110.0
51,53.0
51,506.0
51,55.0
51,56.0
51,57.0
51,252.0
51,373.0
51,115.0
51,163.0
51,62.0
51,63.0
51,167.0
51,64.0
51,526.0
51,66.0
51,119.0
51,253.0
51,71.0
51,254.0
51,378.0
52,234.0
52,269.0
52,101.0
52,379.0
52,394.0
52,318.0
52,87.0
52,88.0
52,139.0
52,270.0
52,142.0
52,143.0
52,89.0
52,195.0
52,199.0
52,90.0
52,287.0
52,92.0
52,489.0
52,298.0
52,205.0
52,93.0
52,163.0
52,271.0
52,63.0
52,167.0
52,64.0
52,312.0
52,314.0
52,173.0
52,380.0
52,65.0
52,483.0
52,66.0
52,71.0
52,254.0
53,126.0
53,99.0
53,87.0
53,84.0
53,90.0
53,95.0
53,159.0
53,163.0
53,62.0
53,167.0
53,168.0
53,67.0
54,124.0
54,214.0
54,183.0
54,100.0
54,134.0
54,87.0
54,88.0
54,220.0
54,139.0
54,190.0
54,270.0
54,84.0
54,142.0
54,305.0
54,90.0
54,308.0
54,203.0
54,154.0
54,55.0
54,321.0
54,373.0
54,298.0
54,310.0
54,162.0
54,209.0
54,165.0
54,63.0
54,227.0
54,312.0
54,314.0
54,172.0
54,315.0
54,71.0
54,72.0
54,254.0
55,86.0
55,87.0
55,88.0
55,89.0
55,90.0
55,91.0
55,92.0
55,93.0
55,67.0
55,70.0
56,126.0
56,99.0
56,87.0
56,90.0
56,163.0
56,62.0
56,167.0
56,67.0
57,126.0
57,99.0
57,87.0
57,270.0
57,90.0
57,167.0
57,67.0
58,123.0
58,235.0
58,159.0
58,161.0
59,126.0
59,99.0
59,87.0
59,90.0
59,163.0
59,62.0
59,167.0
60,126.0
60,318.0
60,421.0
60,87.0
60,77.0
60,335.0
60,522.0
60,90.0
60,404.0
60,163.0
60,69.0
61,126.0
61,397.0
61,136.0
61,87.0
61,430.0
61,90.0
61,506.0
61,352.0
61,254.0
61,392.0
62,124.0
62,126.0
62,99.0
62,136.0
62,87.0
62,84.0
62,90.0
62,85.0
62,159.0
62,63.0
62,167.0
62,64.0
62,66.0
62,67.0
62,69.0
62,70.0
63,183.0
63,249.0
63,250.0
63,87.0
63,138.0
63,140.0
63,190.0
63,105.0
63,84.0
63,143.0
63,107.0
63,305.0
63,251.0
63,308.0
63,203.0
63,110.0
63,154.0
63,85.0
63,252.0
63,373.0
63,115.0
63,161.0
63,67.0
63,119.0
63,253.0
63,70.0
63,72.0
64,183.0
64,249.0
64,250.0
64,87.0
64,138.0
64,140.0
64,190.0
64,105.0
64,84.0
64,143.0
64,107.0
64,305.0
64,195.0
64,199.0
64,251.0
64,308.0
64,203.0
64,110.0
64,154.0
64,252.0
64,373.0
64,205.0
64,115.0
64,161.0
64,67.0
64,119.0
64,253.0
64,70.0
64,72.0
65,124.0
65,121.0
65,292.0
65,133.0
65,318.0
65,357.0
65,358.0
65,220.0
65,138.0
65,140.0
65,319.0
65,369.0
65,235.0
65,192.0
65,270.0
65,236.0
65,106.0
65,338.0
65,152.0
65,370.0
65,341.0
65,157.0
65,321.0
65,160.0
65,371.0
65,170.0
65,312.0
65,323.0
65,174.0
65,350.0
65,68.0
65,351.0
65,69.0
65,211.0
66,121.0
66,183.0
66,249.0
66,250.0
66,87.0
66,138.0
66,140.0
66,190.0
66,105.0
66,84.0
66,143.0
66,107.0
66,305.0
66,195.0
66,199.0
66,251.0
66,308.0
66,203.0
66,110.0
66,154.0
66,252.0
66,373.0
66,115.0
66,161.0
66,67.0
66,119.0
66,253.0
66,70.0
66,72.0
67,261.0
67,126.0
67,379.0
67,397.0
67,249.0
67,250.0
67,496.0
67,136.0
67,87.0
67,430.0
67,221.0
67,418.0
67,107.0
67,305.0
67,90.0
67,251.0
67,308.0
67,110.0
67,506.0
67,252.0
67,373.0
67,115.0
67,163.0
67,167.0
67,526.0
67,119.0
67,253.0
67,71.0
67,254.0
67,378.0
68,123.0
68,121.0
68,326.0
68,327.0
68,100.0
68,216.0
68,285.0
68,328.0
68,329.0
68,272.0
68,330.0
68,331.0
68,184.0
68,186.0
68,332.0
68,87.0
68,187.0
68,138.0
68,333.0
68,334.0
68,335.0
68,84.0
68,336.0
68,144.0
68,262.0
68,263.0
68,147.0
68,196.0
68,264.0
68,197.0
68,337.0
68,149.0
68,338.0
68,339.0
68,151.0
68,340.0
68,341.0
68,202.0
68,265.0
68,203.0
68,204.0
68,154.0
68,342.0
68,157.0
68,343.0
68,224.0
68,85.0
68,252.0
68,344.0
68,345.0
68,225.0
68,243.0
68,347.0
68,163.0
68,348.0
68,165.0
68,349.0
68,168.0
68,174.0
68,229.0
68,350.0
68,176.0
68,177.0
68,351.0
68,73.0
68,352.0
68,283.0
69,75.0
69,81.0
69,234.0
69,327.0
69,244.0
69,102.0
69,421.0
69,87.0
69,188.0
69,431.0
69,139.0
69,77.0
69,245.0
69,369.0
69,432.0
69,104.0
69,193.0
69,423.0
69,106.0
69,400.0
69,79.0
69,435.0
69,198.0
69,439.0
69,427.0
69,440.0
69,441.0
69,246.0
69,428.0
69,401.0
69,442.0
69,443.0
69,155.0
69,404.0
69,419.0
69,247.0
69,448.0
69,114.0
69,453.0
69,454.0
69,259.0
69,254.0
70,261.0
70,126.0
70,379.0
70,397.0
70,249.0
70,250.0
70,496.0
70,136.0
70,87.0
70,430.0
70,221.0
70,235.0
70,107.0
70,90.0
70,251.0
70,110.0
70,506.0
70,156.0
70,252.0
70,115.0
70,163.0
70,167.0
70,526.0
70,119.0
70,253.0
70,71.0
70,254.0
70,378.0
70,392.0
71,86.0
71,87.0
71,88.0
71,77.0
71,89.0
71,90.0
71,91.0
71,92.0
71,93.0
72,123.0
72,124.0
72,214.0
72,215.0
72,130.0
72,183.0
72,100.0
72,101.0
72,296.0
72,300.0
72,301.0
72,302.0
72,303.0
72,87.0
72,88.0
72,220.0
72,139.0
72,304.0
72,235.0
72,190.0
72,84.0
72,305.0
72,306.0
72,287.0
72,307.0
72,246.0
72,308.0
72,203.0
72,309.0
72,85.0
72,159.0
72,298.0
72,310.0
72,160.0
72,480.0
72,209.0
72,165.0
72,417.0
72,311.0
72,312.0
72,313.0
72,171.0
72,314.0
72,172.0
72,174.0
72,315.0
72,229.0
72,267.0
72,280.0
72,254.0
73,124.0
73,129.0
73,293.0
73,381.0
73,133.0
73,285.0
73,138.0
73,140.0
73,333.0
73,192.0
73,141.0
73,143.0
73,146.0
73,408.0
73,414.0
73,151.0
73,152.0
73,343.0
73,159.0
73,165.0
73,170.0
73,173.0
73,176.0
74,213.0
74,183.0
74,97.0
74,190.0
74,84.0
74,90.0
74,152.0
74,561.0
74,170.0
74,175.0
75,76.0
75,77.0
75,78.0
75,79.0
75,80.0
76,81.0
76,102.0
76,431.0
76,77.0
76,432.0
76,400.0
76,435.0
76,198.0
76,440.0
76,441.0
76,442.0
76,443.0
76,404.0
76,448.0
76,454.0
77,244.0
77,102.0
77,82.0
77,496.0
77,497.0
77,186.0
77,420.0
77,421.0
77,188.0
77,245.0
77,104.0
77,422.0
77,423.0
77,78.0
77,424.0
77,400.0
77,337.0
77,198.0
77,425.0
77,426.0
77,439.0
77,427.0
77,441.0
77,246.0
77,428.0
77,401.0
77,442.0
77,402.0
77,403.0
77,404.0
77,429.0
77,498.0
77,247.0
77,448.0
77,114.0
77,527.0
77,349.0
77,80.0
77,453.0
77,259.0
77,283.0
78,81.0
78,431.0
78,432.0
78,400.0
78,435.0
78,198.0
78,440.0
78,441.0
78,442.0
78,443.0
78,154.0
78,404.0
78,448.0
78,454.0
79,81.0
79,237.0
79,327.0
79,82.0
79,499.0
79,186.0
79,431.0
79,507.0
79,333.0
79,432.0
79,400.0
79,547.0
79,337.0
79,551.0
79,396.0
79,338.0
79,440.0
79,441.0
79,367.0
79,203.0
79,443.0
79,402.0
79,534.0
79,403.0
79,404.0
79,448.0
79,508.0
79,509.0
79,510.0
79,350.0
79,511.0
79,512.0
79,513.0
79,514.0
79,515.0
79,351.0
80,106.0
80,109.0
80,404.0
80,118.0
81,82.0
82,218.0
82,431.0
82,432.0
82,495.0
82,400.0
82,198.0
82,440.0
82,441.0
82,442.0
82,443.0
82,404.0
82,448.0
82,454.0
83,84.0
83,85.0
84,120.0
84,123.0
84,124.0
84,213.0
84,214.0
84,126.0
84,215.0
84,127.0
84,128.0
84,182.0
84,130.0
84,183.0
84,131.0
84,325.0
84,365.0
84,100.0
84,101.0
84,296.0
84,216.0
84,102.0
84,285.0
84,134.0
84,411.0
84,256.0
84,300.0
84,217.0
84,410.0
84,218.0
84,391.0
84,331.0
84,184.0
84,301.0
84,185.0
84,274.0
84,303.0
84,87.0
84,187.0
84,220.0
84,221.0
84,137.0
84,521.0
84,139.0
84,140.0
84,304.0
84,222.0
84,190.0
84,191.0
84,104.0
84,141.0
84,423.0
84,531.0
84,142.0
84,320.0
84,143.0
84,144.0
84,145.0
84,146.0
84,194.0
84,106.0
84,108.0
84,147.0
84,195.0
84,297.0
84,196.0
84,197.0
84,198.0
84,148.0
84,149.0
84,199.0
84,523.0
84,425.0
84,306.0
84,532.0
84,287.0
84,414.0
84,307.0
84,339.0
84,533.0
84,439.0
84,152.0
84,200.0
84,246.0
84,201.0
84,428.0
84,275.0
84,202.0
84,223.0
84,203.0
84,95.0
84,242.0
84,204.0
84,534.0
84,276.0
84,153.0
84,154.0
84,277.0
84,111.0
84,506.0
84,112.0
84,342.0
84,85.0
84,489.0
84,535.0
84,158.0
84,225.0
84,159.0
84,298.0
84,205.0
84,310.0
84,114.0
84,346.0
84,160.0
84,206.0
84,161.0
84,207.0
84,209.0
84,347.0
84,164.0
84,348.0
84,390.0
84,165.0
84,167.0
84,311.0
84,170.0
84,258.0
84,312.0
84,171.0
84,314.0
84,228.0
84,172.0
84,173.0
84,174.0
84,210.0
84,315.0
84,279.0
84,536.0
84,363.0
84,229.0
84,409.0
84,175.0
84,176.0
84,483.0
84,230.0
84,267.0
84,178.0
84,280.0
84,179.0
84,281.0
84,211.0
84,282.0
84,254.0
84,537.0
84,212.0
84,456.0
84,283.0
84,232.0
85,120.0
85,124.0
85,213.0
85,214.0
85,126.0
85,127.0
85,128.0
85,182.0
85,129.0
85,130.0
85,183.0
85,99.0
85,325.0
85,269.0
85,100.0
85,101.0
85,133.0
85,97.0
85,216.0
85,134.0
85,411.0
85,256.0
85,135.0
85,300.0
85,217.0
85,410.0
85,218.0
85,391.0
85,331.0
85,184.0
85,185.0
85,274.0
85,187.0
85,220.0
85,221.0
85,137.0
85,521.0
85,139.0
85,140.0
85,222.0
85,190.0
85,191.0
85,141.0
85,531.0
85,142.0
85,320.0
85,143.0
85,144.0
85,145.0
85,146.0
85,194.0
85,106.0
85,147.0
85,195.0
85,297.0
85,196.0
85,197.0
85,198.0
85,148.0
85,149.0
85,199.0
85,523.0
85,532.0
85,414.0
85,339.0
85,533.0
85,151.0
85,152.0
85,200.0
85,201.0
85,275.0
85,202.0
85,223.0
85,203.0
85,95.0
85,242.0
85,204.0
85,276.0
85,153.0
85,154.0
85,277.0
85,111.0
85,506.0
85,112.0
85,342.0
85,157.0
85,489.0
85,535.0
85,158.0
85,225.0
85,159.0
85,205.0
85,346.0
85,206.0
85,161.0
85,207.0
85,209.0
85,164.0
85,348.0
85,390.0
85,165.0
85,167.0
85,227.0
85,168.0
85,170.0
85,258.0
85,171.0
85,228.0
85,172.0
85,173.0
85,174.0
85,315.0
85,279.0
85,536.0
85,363.0
85,229.0
85,409.0
85,175.0
85,176.0
85,483.0
85,230.0
85,267.0
85,177.0
85,178.0
85,280.0
85,179.0
85,281.0
85,211.0
85,282.0
85,254.0
85,537.0
85,456.0
85,283.0
86,305.0
86,308.0
86,373.0
86,310.0
86,172.0
86,254.0
87,124.0
87,183.0
87,269.0
87,379.0
87,462.0
87,140.0
87,190.0
87,270.0
87,195.0
87,199.0
87,287.0
87,203.0
87,205.0
87,271.0
87,312.0
87,174.0
88,183.0
88,136.0
88,190.0
88,270.0
88,305.0
88,195.0
88,199.0
88,308.0
88,203.0
88,321.0
88,373.0
88,205.0
88,310.0
88,172.0
88,254.0
89,379.0
89,310.0
89,172.0
89,254.0
90,269.0
90,379.0
90,270.0
90,305.0
90,195.0
90,199.0
90,287.0
90,205.0
90,209.0
90,271.0
90,312.0
90,254.0
91,305.0
91,308.0
91,373.0
91,310.0
91,172.0
91,254.0
92,379.0
92,305.0
92,308.0
92,373.0
92,310.0
92,172.0
92,254.0
93,305.0
93,308.0
93,373.0
93,310.0
93,172.0
93,352.0
94,95.0
95,123.0
95,234.0
95,213.0
95,130.0
95,384.0
95,411.0
95,217.0
95,331.0
95,185.0
95,274.0
95,190.0
95,191.0
95,106.0
95,195.0
95,198.0
95,199.0
95,201.0
95,275.0
95,223.0
95,203.0
95,276.0
95,277.0
95,506.0
95,112.0
95,224.0
95,159.0
95,205.0
95,168.0
95,228.0
95,315.0
95,279.0
95,363.0
95,409.0
95,177.0
95,211.0
95,537.0
95,212.0
95,456.0
95,283.0
95,232.0
96,97.0
97,124.0
97,391.0
97,334.0
97,342.0
97,243.0
97,174.0
97,353.0
98,99.0
98,100.0
98,101.0
98,102.0
98,103.0
98,104.0
98,105.0
98,106.0
98,107.0
98,108.0
98,109.0
98,110.0
98,111.0
98,112.0
98,113.0
98,114.0
98,115.0
98,116.0
98,117.0
98,118.0
98,119.0
99,181.0
99,124.0
99,269.0
99,317.0
99,318.0
99,220.0
99,319.0
99,270.0
99,291.0
99,320.0
99,146.0
99,149.0
99,241.0
99,242.0
99,321.0
99,271.0
99,322.0
99,323.0
99,174.0
99,177.0
99,324.0
100,181.0
100,124.0
100,255.0
100,215.0
100,130.0
100,183.0
100,269.0
100,317.0
100,285.0
100,318.0
100,220.0
100,319.0
100,190.0
100,270.0
100,291.0
100,320.0
100,305.0
100,308.0
100,203.0
100,321.0
100,373.0
100,310.0
100,271.0
100,170.0
100,322.0
100,323.0
100,174.0
100,316.0
101,269.0
101,317.0
101,318.0
101,138.0
101,270.0
101,291.0
101,320.0
101,195.0
101,199.0
101,321.0
101,205.0
101,161.0
101,271.0
101,322.0
101,323.0
101,178.0
102,181.0
102,269.0
102,317.0
102,318.0
102,186.0
102,220.0
102,319.0
102,335.0
102,270.0
102,291.0
102,320.0
102,399.0
102,195.0
102,400.0
102,337.0
102,401.0
102,402.0
102,403.0
102,321.0
102,404.0
102,405.0
102,271.0
102,322.0
102,323.0
103,181.0
103,269.0
103,317.0
103,318.0
103,218.0
103,220.0
103,319.0
103,270.0
103,291.0
103,320.0
103,106.0
103,199.0
103,275.0
103,223.0
103,321.0
103,271.0
103,322.0
103,323.0
103,268.0
104,181.0
104,269.0
104,317.0
104,318.0
104,186.0
104,220.0
104,140.0
104,319.0
104,335.0
104,270.0
104,291.0
104,320.0
104,399.0
104,195.0
104,321.0
104,404.0
104,271.0
104,322.0
104,323.0
105,181.0
105,269.0
105,317.0
105,318.0
105,220.0
105,319.0
105,270.0
105,291.0
105,320.0
105,321.0
105,271.0
105,322.0
105,323.0
106,123.0
106,124.0
106,214.0
106,127.0
106,128.0
106,182.0
106,130.0
106,269.0
106,133.0
106,317.0
106,318.0
106,218.0
106,357.0
106,358.0
106,221.0
106,140.0
106,270.0
106,291.0
106,320.0
106,143.0
106,144.0
106,145.0
106,194.0
106,196.0
106,198.0
106,148.0
106,149.0
106,199.0
106,152.0
106,203.0
106,204.0
106,154.0
106,157.0
106,321.0
106,159.0
106,226.0
106,205.0
106,161.0
106,207.0
106,164.0
106,165.0
106,271.0
106,167.0
106,168.0
106,170.0
106,322.0
106,173.0
106,323.0
106,174.0
106,315.0
106,175.0
106,177.0
106,178.0
106,179.0
106,211.0
106,212.0
106,268.0
107,181.0
107,248.0
107,261.0
107,269.0
107,317.0
107,318.0
107,220.0
107,418.0
107,319.0
107,270.0
107,291.0
107,320.0
107,321.0
107,419.0
107,271.0
107,322.0
107,323.0
108,181.0
108,365.0
108,269.0
108,317.0
108,329.0
108,318.0
108,332.0
108,220.0
108,319.0
108,270.0
108,291.0
108,320.0
108,488.0
108,321.0
108,349.0
108,271.0
108,322.0
108,323.0
109,269.0
109,317.0
109,318.0
109,332.0
109,270.0
109,291.0
109,320.0
109,321.0
109,271.0
109,322.0
109,323.0
110,181.0
110,248.0
110,261.0
110,269.0
110,317.0
110,318.0
110,220.0
110,319.0
110,270.0
110,291.0
110,320.0
110,321.0
110,419.0
110,271.0
110,322.0
110,323.0
111,181.0
111,124.0
111,269.0
111,317.0
111,318.0
111,220.0
111,319.0
111,270.0
111,291.0
111,320.0
111,321.0
111,271.0
111,322.0
111,323.0
111,174.0
112,269.0
112,317.0
112,318.0
112,270.0
112,291.0
112,320.0
112,321.0
112,271.0
112,322.0
112,323.0
113,181.0
113,269.0
113,317.0
113,318.0
113,220.0
113,319.0
113,270.0
113,291.0
113,320.0
113,321.0
113,271.0
113,322.0
113,323.0
114,181.0
114,269.0
114,317.0
114,186.0
114,220.0
114,319.0
114,335.0
114,270.0
114,291.0
114,320.0
114,399.0
114,195.0
114,337.0
114,402.0
114,403.0
114,321.0
114,271.0
114,322.0
114,323.0
115,248.0
115,261.0
115,269.0
115,317.0
115,318.0
115,418.0
115,270.0
115,291.0
115,320.0
115,321.0
115,419.0
115,271.0
115,322.0
115,323.0
116,269.0
116,317.0
116,318.0
116,332.0
116,270.0
116,291.0
116,320.0
116,321.0
116,271.0
116,322.0
116,323.0
117,181.0
117,269.0
117,317.0
117,318.0
117,332.0
117,220.0
117,319.0
117,270.0
117,291.0
117,320.0
117,321.0
117,271.0
117,322.0
117,323.0
118,181.0
118,213.0
118,269.0
118,317.0
118,411.0
118,318.0
118,220.0
118,319.0
118,270.0
118,291.0
118,320.0
118,199.0
118,275.0
118,223.0
118,321.0
118,271.0
118,322.0
118,323.0
118,455.0
119,248.0
119,261.0
119,269.0
119,317.0
119,318.0
119,270.0
119,291.0
119,320.0
119,321.0
119,419.0
119,271.0
119,322.0
119,323.0
120,121.0
120,122.0
121,126.0
121,256.0
121,218.0
121,138.0
121,257.0
121,195.0
121,199.0
121,202.0
121,170.0
121,258.0
121,259.0
121,260.0
122,266.0
122,285.0
122,286.0
122,288.0
122,456.0
123,182.0
123,130.0
123,183.0
123,184.0
123,185.0
123,186.0
123,187.0
123,188.0
123,139.0
123,189.0
123,190.0
123,191.0
123,192.0
123,193.0
123,143.0
123,194.0
123,195.0
123,196.0
123,197.0
123,198.0
123,199.0
123,200.0
123,201.0
123,202.0
123,203.0
123,204.0
123,205.0
123,206.0
123,207.0
123,208.0
123,209.0
123,210.0
123,211.0
123,212.0
124,213.0
124,214.0
124,126.0
124,215.0
124,182.0
124,130.0
124,183.0
124,131.0
124,216.0
124,217.0
124,218.0
124,184.0
124,219.0
124,220.0
124,221.0
124,140.0
124,222.0
124,190.0
124,191.0
124,192.0
124,143.0
124,144.0
124,194.0
124,147.0
124,196.0
124,198.0
124,199.0
124,200.0
124,202.0
124,223.0
124,203.0
124,204.0
124,154.0
124,224.0
124,158.0
124,225.0
124,226.0
124,207.0
124,209.0
124,163.0
124,165.0
124,227.0
124,168.0
124,228.0
124,172.0
124,229.0
124,230.0
124,211.0
124,231.0
124,212.0
124,232.0
124,233.0
125,195.0
125,199.0
126,183.0
126,269.0
126,270.0
126,209.0
126,271.0
126,174.0
127,213.0
127,182.0
127,129.0
127,130.0
127,217.0
127,184.0
127,185.0
127,274.0
127,187.0
127,137.0
127,222.0
127,191.0
127,194.0
127,147.0
127,195.0
127,196.0
127,197.0
127,198.0
127,199.0
127,201.0
127,275.0
127,202.0
127,223.0
127,203.0
127,204.0
127,276.0
127,154.0
127,277.0
127,225.0
127,226.0
127,205.0
127,278.0
127,206.0
127,207.0
127,209.0
127,165.0
127,228.0
127,210.0
127,279.0
127,280.0
127,281.0
127,211.0
127,282.0
127,283.0
127,232.0
128,213.0
128,266.0
128,182.0
128,130.0
128,285.0
128,217.0
128,184.0
128,185.0
128,274.0
128,286.0
128,187.0
128,222.0
128,191.0
128,143.0
128,146.0
128,195.0
128,196.0
128,197.0
128,149.0
128,199.0
128,287.0
128,201.0
128,275.0
128,202.0
128,223.0
128,203.0
128,204.0
128,276.0
128,277.0
128,159.0
128,205.0
128,278.0
128,206.0
128,161.0
128,207.0
128,209.0
128,165.0
128,288.0
128,228.0
128,174.0
128,210.0
128,279.0
128,175.0
128,280.0
128,273.0
128,211.0
128,283.0
128,232.0
129,182.0
129,194.0
129,159.0
129,161.0
129,207.0
129,175.0
129,283.0
130,214.0
130,183.0
130,132.0
130,296.0
130,134.0
130,218.0
130,220.0
130,140.0
130,190.0
130,194.0
130,195.0
130,297.0
130,148.0
130,199.0
130,203.0
130,154.0
130,159.0
130,226.0
130,298.0
130,205.0
130,161.0
130,165.0
130,299.0
130,227.0
130,168.0
130,174.0
130,175.0
130,179.0
132,199.0
132,201.0
132,203.0
132,205.0
132,315.0
132,363.0
132,212.0
132,180.0
133,326.0
133,216.0
133,328.0
133,330.0
133,389.0
133,336.0
133,262.0
133,263.0
133,264.0
133,340.0
133,265.0
133,154.0
133,155.0
133,225.0
133,390.0
133,176.0
133,283.0
134,182.0
134,269.0
134,317.0
134,318.0
134,410.0
134,219.0
134,221.0
134,140.0
134,270.0
134,194.0
134,147.0
134,297.0
134,196.0
134,199.0
134,203.0
134,204.0
134,154.0
134,321.0
134,205.0
134,161.0
134,207.0
134,165.0
134,211.0
134,212.0
134,232.0
135,195.0
135,176.0
135,283.0
136,140.0
136,305.0
136,308.0
136,157.0
136,373.0
136,180.0
137,140.0
137,305.0
137,195.0
137,199.0
137,308.0
137,373.0
137,159.0
137,167.0
137,168.0
137,174.0
138,213.0
138,214.0
138,269.0
138,394.0
138,406.0
138,318.0
138,391.0
138,184.0
138,302.0
138,187.0
138,270.0
138,291.0
138,305.0
138,195.0
138,196.0
138,197.0
138,199.0
138,523.0
138,200.0
138,201.0
138,202.0
138,308.0
138,524.0
138,203.0
138,204.0
138,154.0
138,525.0
138,373.0
138,159.0
138,298.0
138,205.0
138,206.0
138,161.0
138,390.0
138,168.0
138,314.0
138,210.0
138,177.0
139,183.0
139,379.0
139,460.0
139,190.0
139,270.0
139,465.0
139,143.0
139,195.0
139,199.0
139,466.0
139,467.0
139,468.0
139,203.0
139,419.0
139,476.0
139,159.0
139,205.0
139,168.0
139,482.0
139,254.0
140,182.0
140,379.0
140,216.0
140,411.0
140,300.0
140,217.0
140,218.0
140,184.0
140,185.0
140,274.0
140,187.0
140,221.0
140,222.0
140,191.0
140,143.0
140,147.0
140,195.0
140,196.0
140,197.0
140,198.0
140,149.0
140,199.0
140,201.0
140,275.0
140,202.0
140,223.0
140,203.0
140,204.0
140,276.0
140,154.0
140,277.0
140,159.0
140,226.0
140,205.0
140,278.0
140,206.0
140,161.0
140,207.0
140,209.0
140,165.0
140,526.0
140,168.0
140,312.0
140,314.0
140,228.0
140,210.0
140,279.0
140,281.0
140,211.0
140,504.0
140,212.0
140,456.0
140,283.0
140,232.0
141,182.0
141,219.0
141,336.0
141,194.0
141,159.0
141,207.0
141,168.0
141,283.0
142,379.0
142,195.0
142,199.0
142,346.0
142,273.0
143,182.0
143,325.0
143,326.0
143,219.0
143,221.0
143,407.0
143,222.0
143,190.0
143,194.0
143,195.0
143,148.0
143,149.0
143,203.0
143,161.0
143,207.0
143,208.0
143,519.0
143,526.0
143,168.0
143,312.0
143,174.0
143,175.0
143,177.0
143,280.0
143,179.0
143,211.0
143,212.0
143,283.0
144,182.0
144,393.0
144,217.0
144,219.0
144,274.0
144,191.0
144,194.0
144,147.0
144,195.0
144,199.0
144,275.0
144,223.0
144,203.0
144,276.0
144,277.0
144,159.0
144,226.0
144,205.0
144,207.0
144,209.0
144,390.0
144,168.0
144,170.0
144,228.0
144,174.0
144,279.0
144,176.0
144,211.0
144,283.0
145,217.0
145,185.0
145,186.0
145,274.0
145,191.0
145,192.0
145,195.0
145,199.0
145,275.0
145,223.0
145,203.0
145,276.0
145,277.0
145,226.0
145,205.0
145,228.0
145,279.0
145,211.0
145,283.0
146,182.0
146,184.0
146,194.0
146,196.0
146,199.0
146,204.0
146,205.0
146,161.0
146,207.0
146,174.0
146,175.0
146,283.0
147,217.0
147,184.0
147,191.0
147,196.0
147,199.0
147,339.0
147,533.0
147,204.0
147,224.0
147,159.0
147,205.0
147,209.0
147,167.0
147,168.0
147,258.0
147,174.0
147,409.0
147,176.0
147,230.0
148,213.0
148,182.0
148,217.0
148,184.0
148,185.0
148,274.0
148,191.0
148,194.0
148,195.0
148,196.0
148,197.0
148,149.0
148,199.0
148,201.0
148,275.0
148,341.0
148,202.0
148,223.0
148,203.0
148,204.0
148,276.0
148,277.0
148,155.0
148,205.0
148,278.0
148,207.0
148,209.0
148,165.0
148,228.0
148,273.0
148,283.0
149,182.0
149,217.0
149,184.0
149,185.0
149,186.0
149,274.0
149,191.0
149,192.0
149,194.0
149,195.0
149,196.0
149,199.0
149,275.0
149,223.0
149,203.0
149,204.0
149,276.0
149,277.0
149,205.0
149,207.0
149,170.0
149,228.0
149,279.0
149,175.0
149,179.0
149,273.0
149,211.0
149,283.0
150,238.0
150,354.0
150,355.0
150,356.0
150,359.0
150,335.0
150,360.0
150,199.0
150,361.0
150,443.0
150,205.0
150,362.0
150,519.0
150,273.0
151,225.0
151,283.0
152,326.0
152,269.0
152,216.0
152,328.0
152,330.0
152,389.0
152,270.0
152,336.0
152,262.0
152,263.0
152,264.0
152,340.0
152,265.0
152,154.0
152,155.0
152,342.0
152,224.0
152,225.0
152,390.0
152,176.0
152,353.0
152,283.0
153,379.0
153,195.0
153,199.0
153,341.0
153,205.0
153,254.0
154,237.0
154,215.0
154,183.0
154,379.0
154,394.0
154,217.0
154,218.0
154,357.0
154,185.0
154,274.0
154,358.0
154,190.0
154,191.0
154,305.0
154,195.0
154,199.0
154,338.0
154,275.0
154,308.0
154,223.0
154,203.0
154,276.0
154,277.0
154,373.0
154,159.0
154,226.0
154,298.0
154,205.0
154,310.0
154,161.0
154,390.0
154,165.0
154,417.0
154,168.0
154,170.0
154,312.0
154,228.0
154,174.0
154,279.0
154,483.0
154,177.0
154,351.0
154,273.0
154,259.0
154,211.0
154,180.0
154,283.0
154,316.0
154,268.0
155,357.0
155,358.0
155,199.0
155,341.0
155,203.0
155,535.0
155,205.0
155,170.0
156,305.0
156,308.0
156,373.0
157,393.0
157,217.0
157,185.0
157,274.0
157,191.0
157,195.0
157,199.0
157,275.0
157,341.0
157,223.0
157,203.0
157,276.0
157,277.0
157,159.0
157,205.0
157,228.0
157,279.0
157,211.0
157,283.0
158,195.0
158,199.0
158,159.0
158,205.0
158,168.0
159,213.0
159,214.0
159,266.0
159,284.0
159,182.0
159,183.0
159,216.0
159,285.0
159,411.0
159,256.0
159,217.0
159,272.0
159,184.0
159,494.0
159,185.0
159,219.0
159,186.0
159,274.0
159,286.0
159,187.0
159,222.0
159,191.0
159,192.0
159,193.0
159,538.0
159,263.0
159,194.0
159,305.0
159,195.0
159,196.0
159,197.0
159,198.0
159,199.0
159,339.0
159,200.0
159,201.0
159,275.0
159,202.0
159,265.0
159,223.0
159,549.0
159,203.0
159,204.0
159,276.0
159,277.0
159,562.0
159,224.0
159,226.0
159,205.0
159,206.0
159,207.0
159,209.0
159,288.0
159,166.0
159,228.0
159,210.0
159,279.0
159,363.0
159,229.0
159,175.0
159,483.0
159,230.0
159,280.0
159,281.0
159,211.0
159,282.0
159,504.0
159,212.0
159,456.0
159,283.0
159,232.0
159,268.0
160,234.0
160,183.0
160,272.0
160,304.0
160,190.0
160,199.0
160,203.0
160,205.0
160,273.0
161,213.0
161,266.0
161,182.0
161,285.0
161,217.0
161,185.0
161,274.0
161,286.0
161,222.0
161,191.0
161,538.0
161,194.0
161,195.0
161,196.0
161,199.0
161,339.0
161,275.0
161,223.0
161,549.0
161,203.0
161,204.0
161,276.0
161,277.0
161,506.0
161,562.0
161,205.0
161,278.0
161,207.0
161,209.0
161,165.0
161,288.0
161,228.0
161,174.0
161,279.0
161,280.0
161,273.0
161,259.0
161,211.0
161,283.0
161,233.0
162,379.0
162,305.0
162,195.0
162,199.0
162,308.0
162,373.0
163,269.0
163,270.0
163,305.0
163,195.0
163,199.0
163,308.0
163,205.0
163,209.0
163,271.0
163,312.0
163,174.0
164,217.0
164,186.0
164,274.0
164,191.0
164,195.0
164,199.0
164,275.0
164,223.0
164,203.0
164,276.0
164,205.0
164,283.0
165,215.0
165,183.0
165,379.0
165,218.0
165,190.0
165,194.0
165,195.0
165,199.0
165,201.0
165,223.0
165,203.0
165,226.0
165,298.0
165,205.0
165,310.0
165,314.0
165,174.0
165,175.0
165,179.0
165,571.0
165,180.0
165,316.0
165,268.0
166,195.0
166,199.0
167,182.0
167,217.0
167,185.0
167,219.0
167,274.0
167,463.0
167,221.0
167,222.0
167,191.0
167,194.0
167,195.0
167,198.0
167,199.0
167,275.0
167,223.0
167,203.0
167,204.0
167,276.0
167,277.0
167,205.0
167,207.0
167,209.0
167,228.0
167,279.0
167,280.0
167,211.0
167,282.0
167,212.0
167,283.0
167,232.0
167,268.0
168,213.0
168,214.0
168,266.0
168,182.0
168,216.0
168,285.0
168,411.0
168,217.0
168,272.0
168,218.0
168,184.0
168,185.0
168,219.0
168,274.0
168,286.0
168,187.0
168,222.0
168,191.0
168,538.0
168,263.0
168,194.0
168,195.0
168,196.0
168,197.0
168,198.0
168,199.0
168,287.0
168,200.0
168,201.0
168,275.0
168,202.0
168,265.0
168,223.0
168,549.0
168,203.0
168,204.0
168,276.0
168,277.0
168,562.0
168,224.0
168,225.0
168,226.0
168,205.0
168,206.0
168,207.0
168,209.0
168,288.0
168,170.0
168,228.0
168,174.0
168,210.0
168,279.0
168,363.0
168,483.0
168,280.0
168,281.0
168,211.0
168,282.0
168,212.0
168,456.0
168,283.0
169,397.0
169,218.0
169,430.0
169,335.0
169,506.0
169,254.0
169,378.0
170,326.0
170,269.0
170,216.0
170,328.0
170,330.0
170,389.0
170,270.0
170,336.0
170,262.0
170,263.0
170,264.0
170,340.0
170,265.0
170,203.0
170,342.0
170,224.0
170,225.0
170,243.0
170,390.0
170,176.0
170,267.0
170,280.0
170,353.0
170,283.0
171,183.0
171,195.0
171,199.0
171,205.0
172,183.0
172,203.0
173,407.0
173,222.0
173,211.0
173,283.0
174,213.0
174,214.0
174,182.0
174,183.0
174,216.0
174,217.0
174,218.0
174,184.0
174,185.0
174,219.0
174,274.0
174,220.0
174,221.0
174,407.0
174,222.0
174,190.0
174,191.0
174,194.0
174,195.0
174,196.0
174,198.0
174,199.0
174,275.0
174,202.0
174,223.0
174,203.0
174,204.0
174,276.0
174,277.0
174,224.0
174,226.0
174,205.0
174,207.0
174,209.0
174,227.0
174,228.0
174,279.0
174,229.0
174,178.0
174,280.0
174,211.0
174,282.0
174,212.0
174,180.0
174,283.0
174,232.0
175,182.0
175,217.0
175,184.0
175,185.0
175,274.0
175,187.0
175,222.0
175,191.0
175,195.0
175,196.0
175,197.0
175,198.0
175,199.0
175,201.0
175,275.0
175,202.0
175,223.0
175,203.0
175,204.0
175,276.0
175,277.0
175,226.0
175,205.0
175,278.0
175,206.0
175,207.0
175,209.0
175,228.0
175,210.0
175,279.0
175,178.0
175,211.0
175,212.0
175,283.0
175,316.0
176,261.0
176,357.0
176,358.0
176,508.0
176,280.0
176,540.0
176,283.0
176,268.0
177,217.0
177,185.0
177,274.0
177,191.0
177,195.0
177,199.0
177,275.0
177,223.0
177,203.0
177,276.0
177,277.0
177,205.0
177,209.0
177,228.0
177,315.0
177,279.0
177,211.0
177,456.0
177,283.0
178,182.0
178,217.0
178,185.0
178,274.0
178,191.0
178,195.0
178,199.0
178,275.0
178,223.0
178,203.0
178,276.0
178,277.0
178,226.0
178,205.0
178,278.0
178,228.0
178,279.0
178,211.0
178,283.0
179,213.0
179,182.0
179,217.0
179,184.0
179,185.0
179,274.0
179,191.0
179,194.0
179,195.0
179,196.0
179,197.0
179,199.0
179,201.0
179,275.0
179,202.0
179,223.0
179,203.0
179,204.0
179,276.0
179,277.0
179,205.0
179,278.0
179,207.0
179,209.0
179,228.0
179,279.0
179,273.0
179,211.0
179,283.0
180,382.0
180,394.0
180,398.0
180,505.0
180,543.0
180,523.0
180,200.0
180,201.0
180,524.0
180,506.0
180,207.0
180,449.0
180,392.0
182,255.0
182,289.0
183,214.0
183,255.0
183,215.0
183,296.0
183,300.0
183,301.0
183,302.0
183,303.0
183,220.0
183,304.0
183,190.0
183,305.0
183,306.0
183,287.0
183,307.0
183,246.0
183,308.0
183,203.0
183,309.0
183,298.0
183,310.0
183,209.0
183,311.0
183,312.0
183,313.0
183,314.0
183,315.0
183,229.0
183,267.0
183,280.0
183,254.0
183,316.0
184,285.0
184,218.0
186,214.0
186,325.0
186,365.0
186,329.0
186,335.0
186,502.0
186,425.0
186,439.0
186,298.0
186,347.0
187,285.0
188,318.0
188,404.0
189,237.0
189,218.0
189,352.0
190,214.0
190,215.0
190,296.0
190,300.0
190,301.0
190,303.0
190,220.0
190,304.0
190,306.0
190,287.0
190,307.0
190,246.0
190,203.0
190,298.0
190,310.0
190,209.0
190,311.0
190,312.0
190,313.0
190,314.0
190,315.0
190,229.0
190,267.0
190,280.0
190,254.0
191,218.0
191,295.0
192,365.0
192,329.0
192,347.0
194,232.0
195,365.0
195,329.0
195,425.0
195,487.0
195,439.0
195,226.0
195,347.0
195,456.0
196,285.0
196,256.0
196,230.0
197,285.0
198,299.0
199,234.0
199,326.0
199,411.0
199,433.0
199,436.0
199,487.0
199,275.0
199,223.0
199,444.0
201,299.0
202,285.0
202,218.0
203,214.0
203,215.0
203,293.0
203,381.0
203,296.0
203,285.0
203,300.0
203,301.0
203,332.0
203,303.0
203,239.0
203,220.0
203,333.0
203,528.0
203,304.0
203,408.0
203,547.0
203,306.0
203,287.0
203,307.0
203,246.0
203,343.0
203,224.0
203,500.0
203,225.0
203,226.0
203,298.0
203,310.0
203,501.0
203,209.0
203,390.0
203,311.0
203,312.0
203,313.0
203,314.0
203,315.0
203,229.0
203,409.0
203,377.0
203,267.0
203,280.0
203,289.0
203,254.0
203,283.0
204,285.0
204,414.0
205,234.0
205,326.0
205,305.0
205,308.0
206,285.0
206,243.0
207,226.0
208,457.0
209,305.0
209,308.0
209,373.0
209,254.0
209,316.0
210,285.0
212,218.0
212,299.0
213,235.0
213,241.0
213,242.0
213,243.0
214,244.0
214,245.0
214,246.0
214,247.0
215,272.0
215,220.0
215,227.0
215,273.0
216,357.0
216,358.0
216,226.0
217,379.0
217,295.0
218,375.0
218,385.0
218,244.0
218,457.0
218,245.0
218,486.0
218,335.0
218,337.0
218,487.0
218,488.0
218,246.0
218,402.0
218,403.0
218,404.0
218,489.0
218,247.0
218,310.0
218,288.0
218,271.0
218,490.0
218,312.0
218,453.0
218,491.0
220,419.0
220,310.0
220,316.0
223,411.0
223,433.0
223,436.0
223,241.0
223,242.0
223,444.0
223,298.0
224,261.0
225,357.0
225,358.0
226,248.0
226,266.0
226,300.0
226,492.0
226,333.0
226,529.0
226,270.0
226,343.0
226,446.0
226,271.0
226,280.0
227,310.0
229,305.0
229,308.0
229,373.0
229,254.0
230,333.0
230,542.0
230,343.0
230,482.0
231,237.0
231,396.0
231,338.0
231,350.0
231,351.0
234,235.0
234,236.0
235,272.0
235,304.0
235,335.0
235,298.0
235,273.0
236,446.0
237,238.0
237,239.0
237,240.0
238,326.0
238,335.0
238,395.0
238,387.0
238,396.0
238,338.0
238,388.0
238,350.0
238,351.0
239,499.0
239,507.0
239,333.0
239,337.0
239,396.0
239,338.0
239,402.0
239,403.0
239,508.0
239,509.0
239,510.0
239,350.0
239,511.0
239,512.0
239,513.0
239,514.0
239,515.0
239,351.0
240,396.0
240,338.0
240,350.0
240,351.0
241,275.0
242,275.0
243,300.0
244,349.0
246,349.0
246,316.0
247,349.0
248,249.0
248,250.0
248,251.0
248,252.0
248,253.0
248,254.0
249,261.0
249,418.0
249,419.0
250,261.0
250,419.0
251,261.0
251,418.0
251,419.0
252,261.0
252,418.0
252,419.0
253,261.0
253,419.0
254,301.0
254,303.0
254,287.0
254,377.0
254,483.0
254,485.0
259,553.0
259,572.0
260,334.0
261,262.0
261,263.0
261,264.0
261,265.0
262,357.0
262,358.0
262,540.0
263,357.0
263,358.0
263,340.0
263,540.0
264,357.0
264,358.0
264,540.0
265,357.0
265,358.0
265,340.0
265,540.0
266,267.0
266,268.0
267,285.0
267,549.0
267,288.0
268,558.0
268,489.0
268,456.0
269,312.0
269,366.0
270,419.0
270,312.0
270,366.0
272,286.0
272,383.0
272,310.0
272,417.0
273,325.0
273,326.0
273,395.0
273,387.0
273,399.0
273,383.0
273,565.0
273,388.0
273,310.0
273,563.0
273,417.0
273,572.0
275,411.0
275,433.0
275,436.0
275,444.0
276,300.0
277,300.0
277,368.0
278,517.0
278,552.0
278,518.0
278,520.0
280,283.0
282,305.0
282,308.0
283,503.0
285,335.0
286,504.0
287,305.0
287,308.0
290,291.0
291,539.0
291,371.0
293,294.0
293,295.0
294,381.0
294,333.0
294,408.0
294,343.0
294,409.0
295,381.0
295,333.0
295,408.0
295,343.0
296,316.0
298,305.0
298,308.0
298,549.0
298,373.0
298,417.0
298,316.0
299,315.0
299,363.0
300,315.0
301,305.0
301,308.0
301,373.0
303,430.0
303,505.0
303,506.0
304,417.0
305,374.0
305,460.0
305,462.0
305,464.0
305,465.0
305,466.0
305,467.0
305,468.0
305,470.0
305,309.0
305,476.0
305,478.0
305,348.0
305,481.0
305,482.0
305,485.0
306,418.0
308,374.0
308,460.0
308,462.0
308,464.0
308,465.0
308,466.0
308,467.0
308,468.0
308,470.0
308,309.0
308,476.0
308,478.0
308,348.0
308,481.0
308,482.0
308,485.0
309,373.0
309,553.0
311,316.0
316,561.0
317,355.0
318,420.0
318,421.0
318,422.0
318,423.0
318,424.0
318,425.0
318,426.0
318,427.0
318,428.0
318,401.0
318,419.0
318,429.0
319,419.0
321,419.0
323,419.0
326,354.0
326,355.0
326,356.0
326,357.0
326,358.0
326,359.0
326,335.0
326,360.0
326,361.0
326,362.0
327,367.0
327,368.0
328,389.0
328,357.0
328,358.0
329,335.0
330,357.0
330,358.0
333,335.0
333,337.0
333,402.0
333,403.0
333,409.0
335,365.0
335,355.0
335,356.0
335,420.0
335,421.0
335,359.0
335,369.0
335,422.0
335,360.0
335,423.0
335,424.0
335,425.0
335,426.0
335,439.0
335,427.0
335,401.0
335,429.0
335,405.0
335,362.0
335,491.0
336,389.0
336,357.0
336,358.0
337,424.0
337,501.0
338,498.0
339,352.0
340,389.0
340,357.0
340,358.0
340,458.0
340,459.0
341,413.0
343,493.0
343,409.0
345,462.0
348,373.0
350,498.0
351,498.0
352,526.0
352,536.0
354,387.0
354,388.0
355,395.0
355,387.0
355,388.0
356,395.0
356,387.0
356,388.0
357,389.0
357,390.0
358,389.0
358,390.0
359,395.0
359,387.0
359,388.0
360,395.0
360,387.0
360,388.0
361,387.0
361,388.0
362,395.0
362,387.0
362,388.0
367,553.0
367,368.0
368,437.0
368,559.0
373,374.0
373,460.0
373,462.0
373,464.0
373,467.0
373,468.0
373,470.0
373,476.0
373,478.0
373,481.0
373,482.0
379,380.0
382,383.0
383,443.0
383,534.0
399,420.0
399,421.0
399,422.0
399,423.0
399,425.0
399,426.0
399,439.0
399,427.0
399,401.0
399,429.0
401,404.0
401,405.0
402,424.0
402,501.0
403,424.0
403,501.0
404,420.0
404,421.0
404,422.0
404,423.0
404,424.0
404,425.0
404,427.0
404,428.0
404,429.0
405,421.0
405,507.0
405,407.0
405,530.0
405,546.0
405,557.0
405,518.0
405,509.0
405,568.0
405,569.0
405,511.0
405,513.0
405,514.0
405,515.0
405,570.0
405,520.0
407,516.0
407,517.0
407,489.0
407,518.0
407,519.0
407,520.0
409,503.0
418,419.0
421,424.0
424,457.0
424,522.0
437,553.0
446,564.0
457,458.0
457,459.0
488,498.0
497,498.0
498,566.0
499,500.0
499,501.0
500,507.0
500,510.0
500,513.0
500,514.0
501,507.0
501,510.0
501,513.0
501,514.0
518,534.0
520,551.0
520,554.0
520,560.0
520,534.0
520,567.0
536,553.0
544,545.0
