DB00050,1
DB00152,2
DB00162,3
DB00175,4
DB00176,5
DB00177,6
DB00178,7
DB00180,8
DB00181,9
DB00182,10
DB00184,11
DB00185,12
DB00186,13
DB00187,14
DB00188,15
DB00191,16
DB00193,17
DB00195,18
DB00196,19
DB00197,20
DB00198,21
DB00199,22
DB00200,23
DB00201,24
DB00202,25
DB00203,26
DB00204,27
DB00205,28
DB00206,29
DB00207,30
DB00208,31
DB00210,32
DB00211,33
DB00213,34
DB00215,35
DB00216,36
DB00218,37
DB00220,38
DB00222,39
DB00224,40
DB00227,41
DB00228,42
DB00230,43
DB00231,44
DB00235,45
DB00238,46
DB00242,47
DB00243,48
DB00246,49
DB00247,50
DB00248,51
DB00250,52
DB00252,53
DB00254,54
DB00257,55
DB00261,56
DB00263,57
DB00264,58
DB00268,59
DB00271,60
DB00273,61
DB00276,62
DB00277,63
DB00278,64
DB00280,65
DB00281,66
DB00282,67
DB00283,68
DB00284,69
DB00285,70
DB00287,71
DB00288,72
DB00289,73
DB00291,74
DB00292,75
DB00293,76
DB00295,77
DB00296,78
DB00297,79
DB00299,80
DB00302,81
DB00303,82
DB00307,83
DB00308,84
DB00310,85
DB00312,86
DB00313,87
DB00315,88
DB00316,89
DB00317,90
DB00318,91
DB00319,92
DB00320,93
DB00321,94
DB00323,95
DB00324,96
DB00327,97
DB00328,98
DB00330,99
DB00331,100
DB00333,101
DB00334,102
DB00335,103
DB00337,104
DB00338,105
DB00339,106
DB00341,107
DB00343,108
DB00344,109
DB00346,110
DB00349,111
DB00350,112
DB00351,113
DB00355,114
DB00356,115
DB00357,116
DB00358,117
DB00359,118
DB00361,119
DB00362,120
DB00363,121
DB00364,122
DB00367,123
DB00368,124
DB00369,125
DB00370,126
DB00371,127
DB00373,128
DB00374,129
DB00375,130
DB00376,131
DB00377,132
DB00379,133
DB00381,134
DB00382,135
DB00384,136
DB00388,137
DB00390,138
DB00393,139
DB00395,140
DB00396,141
DB00398,142
DB00400,143
DB00401,144
DB00404,145
DB00408,146
DB00411,147
DB00412,148
DB00413,149
DB00415,150
DB00417,151
DB00418,152
DB00419,153
DB00421,154
DB00422,155
DB00423,156
DB00425,157
DB00426,158
DB00431,159
DB00433,160
DB00434,161
DB00437,162
DB00438,163
DB00439,164
DB00440,165
DB00441,166
DB00442,167
DB00444,168
DB00446,169
DB00448,170
DB00449,171
DB00450,172
DB00454,173
DB00455,174
DB00457,175
DB00458,176
DB00459,177
DB00460,178
DB00461,179
DB00465,180
DB00471,181
DB00472,182
DB00474,183
DB00475,184
DB00476,185
DB00477,186
DB00478,187
DB00479,188
DB00480,189
DB00481,190
DB00482,191
DB00484,192
DB00485,193
DB00486,194
DB00489,195
DB00490,196
DB00491,197
DB00492,198
DB00493,199
DB00494,200
DB00495,201
DB00496,202
DB00497,203
DB00499,204
DB00500,205
DB00501,206
DB00502,207
DB00503,208
DB00507,209
DB00515,210
DB00518,211
DB00519,212
DB00520,213
DB00521,214
DB00524,215
DB00526,216
DB00529,217
DB00530,218
DB00531,219
DB00532,220
DB00533,221
DB00535,222
DB00537,223
DB00538,224
DB00539,225
DB00540,226
DB00541,227
DB00542,228
DB00543,229
DB00547,230
DB00548,231
DB00549,232
DB00550,233
DB00554,234
DB00555,235
DB00557,236
DB00559,237
DB00560,238
DB00561,239
DB00563,240
DB00564,241
DB00567,242
DB00571,243
DB00572,244
DB00573,245
DB00575,246
DB00578,247
DB00580,248
DB00581,249
DB00582,250
DB00585,251
DB00586,252
DB00590,253
DB00591,254
DB00593,255
DB00594,256
DB00595,257
DB00598,258
DB00601,259
DB00602,260
DB00603,261
DB00605,262
DB00608,263
DB00609,264
DB00611,265
DB00612,266
DB00615,267
DB00618,268
DB00619,269
DB00620,270
DB00621,271
DB00622,272
DB00623,273
DB00624,274
DB00625,275
DB00630,276
DB00631,277
DB00633,278
DB00635,279
DB00640,280
DB00641,281
DB00642,282
DB00646,283
DB00648,284
DB00649,285
DB00650,286
DB00651,287
DB00652,288
DB00654,289
DB00656,290
DB00657,291
DB00659,292
DB00661,293
DB00665,294
DB00668,295
DB00669,296
DB00671,297
DB00672,298
DB00673,299
DB00674,300
DB00675,301
DB00678,302
DB00679,303
DB00680,304
DB00681,305
DB00682,306
DB00683,307
DB00684,308
DB00685,309
DB00687,310
DB00690,311
DB00691,312
DB00692,313
DB00693,314
DB00694,315
DB00695,316
DB00696,317
DB00697,318
DB00698,319
DB00700,320
DB00701,321
DB00703,322
DB00704,323
DB00705,324
DB00706,325
DB00708,326
DB00709,327
DB00712,328
DB00713,329
DB00714,330
DB00715,331
DB00718,332
DB00721,333
DB00724,334
DB00727,335
DB00728,336
DB00730,337
DB00731,338
DB00732,339
DB00733,340
DB00734,341
DB00740,342
DB00742,343
DB00745,344
DB00749,345
DB00750,346
DB00751,347
DB00753,348
DB00754,349
DB00756,350
DB00757,351
DB00758,352
DB00759,353
DB00760,354
DB00762,355
DB00763,356
DB00768,357
DB00772,358
DB00773,359
DB00776,360
DB00779,361
DB00780,362
DB00782,363
DB00783,364
DB00784,365
DB00788,366
DB00790,367
DB00794,368
DB00795,369
DB00796,370
DB00799,371
DB00800,372
DB00802,373
DB00804,374
DB00806,375
DB00808,376
DB00809,377
DB00810,378
DB00811,379
DB00813,380
DB00814,381
DB00818,382
DB00819,383
DB00820,384
DB00822,385
DB00826,386
DB00827,387
DB00828,388
DB00829,389
DB00831,390
DB00833,391
DB00834,392
DB00835,393
DB00836,394
DB00839,395
DB00841,396
DB00842,397
DB00843,398
DB00844,399
DB00845,400
DB00850,401
DB00851,402
DB00853,403
DB00857,404
DB00860,405
DB00861,406
DB00862,407
DB00863,408
DB00864,409
DB00868,410
DB00869,411
DB00870,412
DB00871,413
DB00872,414
DB00874,415
DB00876,416
DB00878,417
DB00879,418
DB00881,419
DB00883,420
DB00887,421
DB00889,422
DB00896,423
DB00897,424
DB00898,425
DB00899,426
DB00900,427
DB00903,428
DB00904,429
DB00905,430
DB00906,431
DB00907,432
DB00908,433
DB00909,434
DB00910,435
DB00911,436
DB00912,437
DB00915,438
DB00916,439
DB00918,440
DB00919,441
DB00920,442
DB00921,443
DB00924,444
DB00925,445
DB00927,446
DB00929,447
DB00932,448
DB00933,449
DB00937,450
DB00938,451
DB00949,452
DB00950,453
DB00951,454
DB00952,455
DB00953,456
DB00958,457
DB00959,458
DB00960,459
DB00961,460
DB00962,461
DB00963,462
DB00964,463
DB00966,464
DB00967,465
DB00968,466
DB00969,467
DB00972,468
DB00973,469
DB00975,470
DB00976,471
DB00978,472
DB00979,473
DB00980,474
DB00981,475
DB00983,476
DB00986,477
DB00988,478
DB00989,479
DB00990,480
DB00991,481
DB00993,482
DB00994,483
DB00996,484
DB00997,485
DB00998,486
DB00999,487
DB01004,488
DB01005,489
DB01006,490
DB01008,491
DB01009,492
DB01011,493
DB01012,494
DB01013,495
DB01014,496
DB01017,497
DB01018,498
DB01019,499
DB01023,500
DB01024,501
DB01026,502
DB01029,503
DB01030,504
DB01032,505
DB01035,506
DB01036,507
DB01037,508
DB01039,509
DB01041,510
DB01042,511
DB01043,512
DB01044,513
DB01046,514
DB01047,515
DB01048,516
DB01050,517
DB01058,518
DB01059,519
DB01060,520
DB01062,521
DB01064,522
DB01067,523
DB01068,524
DB01069,525
DB01072,526
DB01073,527
DB01075,528
DB01076,529
DB01079,530
DB01080,531
DB01082,532
DB01083,533
DB01084,534
DB01085,535
DB01086,536
DB01087,537
DB01088,538
DB01095,539
DB01097,540
DB01098,541
DB01100,542
DB01101,543
DB01104,544
DB01105,545
DB01106,546
DB01110,547
DB01112,548
DB01113,549
DB01114,550
DB01115,551
DB01117,552
DB01118,553
DB01119,554
DB01120,555
DB01126,556
DB01127,557
DB01128,558
DB01129,559
DB01130,560
DB01132,561
DB01136,562
DB01140,563
DB01141,564
DB01142,565
DB01143,566
DB01148,567
DB01149,568
DB01150,569
DB01151,570
DB01156,571
DB01157,572
DB01158,573
DB01159,574
DB01161,575
DB01162,576
DB01165,577
DB01167,578
DB01168,579
DB01169,580
DB01173,581
DB01174,582
DB01177,583
DB01181,584
DB01182,585
DB01183,586
DB01184,587
DB01185,588
DB01186,589
DB01188,590
DB01189,591
DB01190,592
DB01193,593
DB01194,594
DB01195,595
DB01196,596
DB01198,597
DB01200,598
DB01201,599
DB01203,600
DB01204,601
DB01205,602
DB01206,603
DB01210,604
DB01211,605
DB01212,606
DB01214,607
DB01215,608
DB01216,609
DB01217,610
DB01218,611
DB01219,612
DB01220,613
DB01221,614
DB01222,615
DB01223,616
DB01224,617
DB01226,618
DB01229,619
DB01230,620
DB01232,621
DB01233,622
DB01234,623
DB01236,624
DB01238,625
DB01241,626
DB01242,627
DB01247,628
DB01248,629
DB01249,630
DB01250,631
DB01254,632
DB01258,633
DB01260,634
DB01261,635
DB01263,636
DB01264,637
DB01268,638
DB01273,639
DB01275,640
DB01280,641
DB01291,642
DB01319,643
DB01320,644
DB01324,645
DB01327,646
DB01329,647
DB01330,648
DB01331,649
DB01332,650
DB01337,651
DB01340,652
DB01356,653
DB01362,654
DB01364,655
DB01367,656
DB01378,657
DB01390,658
DB01393,659
DB01394,660
DB01400,661
DB01406,662
DB01409,663
DB01410,664
DB01413,665
DB01416,666
DB01421,667
DB01427,668
DB01558,669
DB01577,670
DB01586,671
DB01591,672
DB01595,673
DB01609,674
DB01610,675
DB01611,676
DB01612,677
DB01618,678
DB01623,679
DB01627,680
DB01656,681
DB04572,682
DB04839,683
DB04844,684
DB04845,685
DB04861,686
DB04896,687
DB04930,688
DB05245,689
DB05246,690
DB06201,691
DB06204,692
DB06209,693
DB06212,694
DB06216,695
DB06228,696
DB06274,697
DB06287,698
DB06335,699
DB06402,700
DB06695,701
DB06698,702
DB06710,703
DB06711,704
DB06800,705
DB06811,706
DB08826,707
DB08860,708
